{"logs": {"ct.googleapis.com/rocketeer": [[1435648059.902989, 12927], [1435801679.73925, 9732]], "ct.googleapis.com/pilot": [[1435648059.902989, 11085], [1435801679.73925, 13234]], "ct.izenpe.com": [[1435648059.902989, 11], [1435801679.73925, 13]], "log.certly.io": [[1435648059.902989, 41], [1435801679.73925, 635]], "ct1.digicert-ct.com/log": [[1435648059.902989, 755], [1435801679.73925, 597]], "ct.googleapis.com/aviator": [[1435648059.902989, 10753], [1435801679.73925, 12767]]}, "last_sizes": {"ct.googleapis.com/rocketeer": 5441679, "ct.googleapis.com/pilot": 8179542, "ct.izenpe.com": 7618, "log.certly.io": 15453, "ct1.digicert-ct.com/log": 104475, "ct.googleapis.com/aviator": 7439063}}