{"logs": {"ct.googleapis.com/rocketeer": [[1435648059.902989, 12927], [1435801679.73925, 9732], [1435871365.382698, 11375], [1435950720.102907, 14528], [1436205469.404637, 20341], [1436323024.814115, 12370], [1436386044.824734, 6401], [1436477317.182024, 11976], [1436553599.738105, 9663], [1436676449.178703, 26277], [1436752646.494464, 16133], [1436901901.570158, 22909], [1436986321.313199, 10698], [1437088530.02868, 14507], [1437167929.183248, 13489], [1437274148.96837, 19021], [1437338110.346115, 7491], [1437423707.252889, 13712], [1437519203.590353, 12659], [1437595435.386339, 6476], [1437766318.924057, 9367], [1437867856.071469, 28493], [1437950175.485887, 22351], [1438018827.550618, 13121], [1438103334.869992, 14446], [1438206554.520863, 12080], [1438305068.515363, 11691], [1438380574.07349, 9528], [1438477537.217426, 16995], [1438547152.495354, 10975], [1438646608.148788, 9804], [1438726601.113144, 11469], [1438828503.989216, 11997], [1438900059.911455, 8989], [1438971360.965394, 10941], [1439231016.870884, 37544], [1439331243.293757, 15665], [1439421002.245931, 11006], [1439531972.90155, 3455], [1439573722.921651, 36], [1439692872.071572, 24539], [1439754357.55262, 15452], [1439941413.729678, 29826], [1440006988.566628, 6763]], "ct.googleapis.com/pilot": [[1435648059.902989, 11085], [1435801679.73925, 13234], [1435871365.382698, 14624], [1435950720.102907, 12872], [1436205469.404637, 17865], [1436323024.814115, 11685], [1436386044.824734, 12157], [1436477317.182024, 22174], [1436553599.738105, 12043], [1436676449.178703, 20644], [1436752646.494464, 13473], [1436901901.570158, 19381], [1436986321.313199, 14225], [1437088530.02868, 18806], [1437167929.183248, 14401], [1437274148.96837, 14035], [1437338110.346115, 12478], [1437423707.252889, 8926], [1437519203.590353, 8064], [1437595435.386339, 11102], [1437766318.924057, 20900], [1437867856.071469, 25588], [1437950175.485887, 13772], [1438018827.550618, 10122], [1438103334.869992, 8887], [1438206554.520863, 16573], [1438305068.515363, 14038], [1438380574.07349, 12577], [1438477537.217426, 13761], [1438547152.495354, 11175], [1438646608.148788, 12534], [1438726601.113144, 8581], [1438828503.989216, 12095], [1438900059.911455, 12729], [1438971360.965394, 10201], [1439231016.870884, 40681], [1439331243.293757, 11258], [1439421002.245931, 8086], [1439531972.90155, 22394], [1439573722.921651, 8792], [1439692872.071572, 21104], [1439754357.55262, 9849], [1439941413.729678, 22920], [1440006988.566628, 7177]], "ct.izenpe.com": [[1435648059.902989, 11], [1435801679.73925, 13], [1435871365.382698, 12], [1435950720.102907, 12], [1436205469.404637, 19], [1436323024.814115, 17], [1436386044.824734, 9], [1436477317.182024, 14], [1436553599.738105, 11], [1436676449.178703, 17], [1436752646.494464, 11], [1436901901.570158, 22], [1436986321.313199, 14], [1437088530.02868, 15], [1437167929.183248, 13], [1437274148.96837, 22], [1437338110.346115, 9], [1437423707.252889, 35], [1437519203.590353, 46], [1437595435.386339, 41], [1437766318.924057, 504], [1437867856.071469, 23], [1437950175.485887, 12], [1438018827.550618, 56], [1438103334.869992, 58], [1438206554.520863, 45], [1438305068.515363, 41], [1438380574.07349, 31], [1438477537.217426, 22], [1438547152.495354, 10], [1438646608.148788, 49], [1438726601.113144, 48], [1438828503.989216, 53], [1438900059.911455, 39], [1438971360.965394, 41], [1439231016.870884, 60], [1439331243.293757, 85], [1439421002.245931, 30], [1439531972.90155, 49], [1439573722.921651, 14], [1439692872.071572, 23], [1439754357.55262, 8], [1439941413.729678, 79], [1440006988.566628, 25]], "log.certly.io": [[1435648059.902989, 41], [1435801679.73925, 635], [1435871365.382698, 46], [1435950720.102907, 48], [1436205469.404637, 30], [1436323024.814115, 63], [1436386044.824734, 25], [1436477317.182024, 40], [1436553599.738105, 38], [1436676449.178703, 20], [1436752646.494464, 11], [1436901901.570158, 79], [1436986321.313199, 653], [1437088530.02868, 57], [1437167929.183248, 26], [1437274148.96837, 16], [1437338110.346115, 11], [1437423707.252889, 44], [1437519203.590353, 15], [1437595435.386339, 281], [1437766318.924057, 605], [1437867856.071469, 14], [1437950175.485887, 12], [1438018827.550618, 9], [1438103334.869992, 20], [1438206554.520863, 15], [1438305068.515363, 611], [1438380574.07349, 25], [1438477537.217426, 14], [1438547152.495354, 10], [1438646608.148788, 25], [1438726601.113144, 15], [1438828503.989216, 22], [1438900059.911455, 20], [1438971360.965394, 13], [1439231016.870884, 644], [1439331243.293757, 25], [1439421002.245931, 613], [1439531972.90155, 28], [1439573722.921651, 7], [1439692872.071572, 23], [1439754357.55262, 9], [1439941413.729678, 39], [1440006988.566628, 33]], "ct1.digicert-ct.com/log": [[1435648059.902989, 755], [1435801679.73925, 597], [1435871365.382698, 1140], [1435950720.102907, 627], [1436205469.404637, 237], [1436323024.814115, 1140], [1436386044.824734, 603], [1436477317.182024, 736], [1436553599.738105, 703], [1436676449.178703, 622], [1436752646.494464, 33], [1436901901.570158, 852], [1436986321.313199, 715], [1437088530.02868, 1467], [1437167929.183248, 664], [1437274148.96837, 542], [1437338110.346115, 24], [1437423707.252889, 91], [1437519203.590353, 711], [1437595435.386339, 716], [1437766318.924057, 750], [1437867856.071469, 590], [1437950175.485887, 21], [1438018827.550618, 73], [1438103334.869992, 748], [1438206554.520863, 811], [1438305068.515363, 1417], [1438380574.07349, 636], [1438477537.217426, 516], [1438547152.495354, 17], [1438646608.148788, 323], [1438726601.113144, 1447], [1438828503.989216, 1137], [1438900059.911455, 700], [1438971360.965394, 815], [1439231016.870884, 859], [1439331243.293757, 1065], [1439421002.245931, 1001], [1439531972.90155, 1271], [1439573722.921651, 335], [1439692872.071572, 715], [1439754357.55262, 31], [1439941413.729678, 1304], [1440006988.566628, 728]], "ct.googleapis.com/aviator": [[1435648059.902989, 10753], [1435801679.73925, 12767], [1435871365.382698, 9832], [1435950720.102907, 18103], [1436205469.404637, 17483], [1436323024.814115, 11773], [1436386044.824734, 5697], [1436477317.182024, 27483], [1436553599.738105, 14913], [1436676449.178703, 17981], [1436752646.494464, 13476], [1436901901.570158, 19033], [1436986321.313199, 12765], [1437088530.02868, 17246], [1437167929.183248, 15486], [1437274148.96837, 15112], [1437338110.346115, 12502], [1437423707.252889, 8566], [1437519203.590353, 6594], [1437595435.386339, 8750], [1437766318.924057, 20528], [1437867856.071469, 27657], [1437950175.485887, 17886], [1438018827.550618, 6727], [1438103334.869992, 9312], [1438206554.520863, 15341], [1438305068.515363, 14304], [1438380574.07349, 12455], [1438477537.217426, 13300], [1438547152.495354, 12032], [1438646608.148788, 10891], [1438726601.113144, 9552], [1438828503.989216, 12151], [1438900059.911455, 12624], [1438971360.965394, 11408], [1439231016.870884, 38842], [1439331243.293757, 10081], [1439421002.245931, 9365], [1439531972.90155, 20945], [1439573722.921651, 9172], [1439692872.071572, 20455], [1439754357.55262, 10754], [1439941413.729678, 21734], [1440006988.566628, 8643]]}, "last_sizes": {"ct.googleapis.com/rocketeer": 6067947, "ct.googleapis.com/pilot": 8832657, "ct.izenpe.com": 8984, "log.certly.io": 20442, "ct1.digicert-ct.com/log": 135795, "ct.googleapis.com/aviator": 8086028}}