{"logs": {"ct.googleapis.com/rocketeer": [[1435648059.902989, 12927], [1435801679.73925, 9732], [1435871365.382698, 11375], [1435950720.102907, 14528], [1436205469.404637, 40683], [1436323024.814115, 12370], [1436386044.824734, 6401], [1436477317.182024, 11976], [1436553599.738105, 9663], [1436676449.178703, 26277]], "ct.googleapis.com/pilot": [[1435648059.902989, 11085], [1435801679.73925, 13234], [1435871365.382698, 14624], [1435950720.102907, 12872], [1436205469.404637, 35731], [1436323024.814115, 11685], [1436386044.824734, 12157], [1436477317.182024, 22174], [1436553599.738105, 12043], [1436676449.178703, 20644]], "ct.izenpe.com": [[1435648059.902989, 11], [1435801679.73925, 13], [1435871365.382698, 12], [1435950720.102907, 12], [1436205469.404637, 38], [1436323024.814115, 17], [1436386044.824734, 9], [1436477317.182024, 14], [1436553599.738105, 11], [1436676449.178703, 17]], "log.certly.io": [[1435648059.902989, 41], [1435801679.73925, 635], [1435871365.382698, 46], [1435950720.102907, 48], [1436205469.404637, 60], [1436323024.814115, 63], [1436386044.824734, 25], [1436477317.182024, 40], [1436553599.738105, 38], [1436676449.178703, 20]], "ct1.digicert-ct.com/log": [[1435648059.902989, 755], [1435801679.73925, 597], [1435871365.382698, 1140], [1435950720.102907, 627], [1436205469.404637, 474], [1436323024.814115, 1140], [1436386044.824734, 603], [1436477317.182024, 736], [1436553599.738105, 703], [1436676449.178703, 622]], "ct.googleapis.com/aviator": [[1435648059.902989, 10753], [1435801679.73925, 12767], [1435871365.382698, 9832], [1435950720.102907, 18103], [1436205469.404637, 34966], [1436323024.814115, 11773], [1436386044.824734, 5697], [1436477317.182024, 27483], [1436553599.738105, 14913], [1436676449.178703, 17981]]}, "last_sizes": {"ct.googleapis.com/rocketeer": 5574952, "ct.googleapis.com/pilot": 8321472, "ct.izenpe.com": 7748, "log.certly.io": 15793, "ct1.digicert-ct.com/log": 110520, "ct.googleapis.com/aviator": 7579811}}