{"logs": {"ct.googleapis.com/rocketeer": [[1435648059.902989, 12927]], "ct.googleapis.com/pilot": [[1435648059.902989, 11085]], "ct.izenpe.com": [[1435648059.902989, 11]], "log.certly.io": [[1435648059.902989, 41]], "ct1.digicert-ct.com/log": [[1435648059.902989, 755]], "ct.googleapis.com/aviator": [[1435648059.902989, 10753]]}, "last_sizes": {"ct.googleapis.com/rocketeer": 5431947, "ct.googleapis.com/pilot": 8166308, "ct.izenpe.com": 7605, "log.certly.io": 14818, "ct1.digicert-ct.com/log": 103878, "ct.googleapis.com/aviator": 7426296}}
