{"ct.googleapis.com/rocketeer": [[1435648059.902989, 5419020], [1435648261.298316, 5419020], [1435648543.597279, 5419020]], "ct.googleapis.com/pilot": [[1435648059.902989, 8155223], [1435648261.298316, 8155223], [1435648543.597279, 8155223]], "ct.izenpe.com": [[1435648059.902989, 7594], [1435648261.298316, 7594], [1435648543.597279, 7594]], "log.certly.io": [[1435648059.902989, 14777], [1435648261.298316, 14777], [1435648543.597279, 14777]], "ct1.digicert-ct.com/log": [[1435648059.902989, 103123], [1435648261.298316, 103123], [1435648543.597279, 103123]], "ct.googleapis.com/aviator": [[1435648059.902989, 7415543], [1435648261.298316, 7415543], [1435648543.597279, 7415543]]}