{"logs": {"ct.googleapis.com/rocketeer": [[1435648059.902989, 12927], [1435801679.73925, 9732], [1435871365.382698, 11375], [1435950720.102907, 14528], [1436205469.404637, 40683], [1436323024.814115, 12370], [1436386044.824734, 6401]], "ct.googleapis.com/pilot": [[1435648059.902989, 11085], [1435801679.73925, 13234], [1435871365.382698, 14624], [1435950720.102907, 12872], [1436205469.404637, 35731], [1436323024.814115, 11685], [1436386044.824734, 12157]], "ct.izenpe.com": [[1435648059.902989, 11], [1435801679.73925, 13], [1435871365.382698, 12], [1435950720.102907, 12], [1436205469.404637, 38], [1436323024.814115, 17], [1436386044.824734, 9]], "log.certly.io": [[1435648059.902989, 41], [1435801679.73925, 635], [1435871365.382698, 46], [1435950720.102907, 48], [1436205469.404637, 60], [1436323024.814115, 63], [1436386044.824734, 25]], "ct1.digicert-ct.com/log": [[1435648059.902989, 755], [1435801679.73925, 597], [1435871365.382698, 1140], [1435950720.102907, 627], [1436205469.404637, 474], [1436323024.814115, 1140], [1436386044.824734, 603]], "ct.googleapis.com/aviator": [[1435648059.902989, 10753], [1435801679.73925, 12767], [1435871365.382698, 9832], [1435950720.102907, 18103], [1436205469.404637, 34966], [1436323024.814115, 11773], [1436386044.824734, 5697]]}, "last_sizes": {"ct.googleapis.com/rocketeer": 5527036, "ct.googleapis.com/pilot": 8266611, "ct.izenpe.com": 7706, "log.certly.io": 15695, "ct1.digicert-ct.com/log": 108459, "ct.googleapis.com/aviator": 7519434}}