{"logs": {"ct.googleapis.com/rocketeer": [[1435648059.902989, 12927], [1435801679.73925, 9732], [1435871365.382698, 11375], [1435950720.102907, 14528], [1436205469.404637, 20341], [1436323024.814115, 12370], [1436386044.824734, 6401], [1436477317.182024, 11976], [1436553599.738105, 9663], [1436676449.178703, 26277], [1436752646.494464, 16133], [1436901901.570158, 22909], [1436986321.313199, 10698], [1437088530.02868, 14507], [1437167929.183248, 13489], [1437274148.96837, 19021], [1437338110.346115, 7491], [1437423707.252889, 13712], [1437519203.590353, 12659], [1437595435.386339, 6476], [1437766318.924057, 9367], [1437867856.071469, 28493], [1437950175.485887, 22351], [1438018827.550618, 13121], [1438103334.869992, 14446], [1438206554.520863, 12080], [1438305068.515363, 11691], [1438380574.07349, 9528], [1438477537.217426, 16995], [1438547152.495354, 10975], [1438646608.148788, 9804]], "ct.googleapis.com/pilot": [[1435648059.902989, 11085], [1435801679.73925, 13234], [1435871365.382698, 14624], [1435950720.102907, 12872], [1436205469.404637, 17865], [1436323024.814115, 11685], [1436386044.824734, 12157], [1436477317.182024, 22174], [1436553599.738105, 12043], [1436676449.178703, 20644], [1436752646.494464, 13473], [1436901901.570158, 19381], [1436986321.313199, 14225], [1437088530.02868, 18806], [1437167929.183248, 14401], [1437274148.96837, 14035], [1437338110.346115, 12478], [1437423707.252889, 8926], [1437519203.590353, 8064], [1437595435.386339, 11102], [1437766318.924057, 20900], [1437867856.071469, 25588], [1437950175.485887, 13772], [1438018827.550618, 10122], [1438103334.869992, 8887], [1438206554.520863, 16573], [1438305068.515363, 14038], [1438380574.07349, 12577], [1438477537.217426, 13761], [1438547152.495354, 11175], [1438646608.148788, 12534]], "ct.izenpe.com": [[1435648059.902989, 11], [1435801679.73925, 13], [1435871365.382698, 12], [1435950720.102907, 12], [1436205469.404637, 19], [1436323024.814115, 17], [1436386044.824734, 9], [1436477317.182024, 14], [1436553599.738105, 11], [1436676449.178703, 17], [1436752646.494464, 11], [1436901901.570158, 22], [1436986321.313199, 14], [1437088530.02868, 15], [1437167929.183248, 13], [1437274148.96837, 22], [1437338110.346115, 9], [1437423707.252889, 35], [1437519203.590353, 46], [1437595435.386339, 41], [1437766318.924057, 504], [1437867856.071469, 23], [1437950175.485887, 12], [1438018827.550618, 56], [1438103334.869992, 58], [1438206554.520863, 45], [1438305068.515363, 41], [1438380574.07349, 31], [1438477537.217426, 22], [1438547152.495354, 10], [1438646608.148788, 49]], "log.certly.io": [[1435648059.902989, 41], [1435801679.73925, 635], [1435871365.382698, 46], [1435950720.102907, 48], [1436205469.404637, 30], [1436323024.814115, 63], [1436386044.824734, 25], [1436477317.182024, 40], [1436553599.738105, 38], [1436676449.178703, 20], [1436752646.494464, 11], [1436901901.570158, 79], [1436986321.313199, 653], [1437088530.02868, 57], [1437167929.183248, 26], [1437274148.96837, 16], [1437338110.346115, 11], [1437423707.252889, 44], [1437519203.590353, 15], [1437595435.386339, 281], [1437766318.924057, 605], [1437867856.071469, 14], [1437950175.485887, 12], [1438018827.550618, 9], [1438103334.869992, 20], [1438206554.520863, 15], [1438305068.515363, 611], [1438380574.07349, 25], [1438477537.217426, 14], [1438547152.495354, 10], [1438646608.148788, 25]], "ct1.digicert-ct.com/log": [[1435648059.902989, 755], [1435801679.73925, 597], [1435871365.382698, 1140], [1435950720.102907, 627], [1436205469.404637, 237], [1436323024.814115, 1140], [1436386044.824734, 603], [1436477317.182024, 736], [1436553599.738105, 703], [1436676449.178703, 622], [1436752646.494464, 33], [1436901901.570158, 852], [1436986321.313199, 715], [1437088530.02868, 1467], [1437167929.183248, 664], [1437274148.96837, 542], [1437338110.346115, 24], [1437423707.252889, 91], [1437519203.590353, 711], [1437595435.386339, 716], [1437766318.924057, 750], [1437867856.071469, 590], [1437950175.485887, 21], [1438018827.550618, 73], [1438103334.869992, 748], [1438206554.520863, 811], [1438305068.515363, 1417], [1438380574.07349, 636], [1438477537.217426, 516], [1438547152.495354, 17], [1438646608.148788, 323]], "ct.googleapis.com/aviator": [[1435648059.902989, 10753], [1435801679.73925, 12767], [1435871365.382698, 9832], [1435950720.102907, 18103], [1436205469.404637, 17483], [1436323024.814115, 11773], [1436386044.824734, 5697], [1436477317.182024, 27483], [1436553599.738105, 14913], [1436676449.178703, 17981], [1436752646.494464, 13476], [1436901901.570158, 19033], [1436986321.313199, 12765], [1437088530.02868, 17246], [1437167929.183248, 15486], [1437274148.96837, 15112], [1437338110.346115, 12502], [1437423707.252889, 8566], [1437519203.590353, 6594], [1437595435.386339, 8750], [1437766318.924057, 20528], [1437867856.071469, 27657], [1437950175.485887, 17886], [1438018827.550618, 6727], [1438103334.869992, 9312], [1438206554.520863, 15341], [1438305068.515363, 14304], [1438380574.07349, 12455], [1438477537.217426, 13300], [1438547152.495354, 12032], [1438646608.148788, 10891]]}, "last_sizes": {"ct.googleapis.com/rocketeer": 5880265, "ct.googleapis.com/pilot": 8636790, "ct.izenpe.com": 8430, "log.certly.io": 18951, "ct1.digicert-ct.com/log": 124387, "ct.googleapis.com/aviator": 7890302}}