{"logs": {"ct.googleapis.com/rocketeer": [[1435648059.902989, 12927], [1435801679.73925, 9732], [1435871365.382698, 11375], [1435950720.102907, 14528], [1436205469.404637, 40683]], "ct.googleapis.com/pilot": [[1435648059.902989, 11085], [1435801679.73925, 13234], [1435871365.382698, 14624], [1435950720.102907, 12872], [1436205469.404637, 35731]], "ct.izenpe.com": [[1435648059.902989, 11], [1435801679.73925, 13], [1435871365.382698, 12], [1435950720.102907, 12], [1436205469.404637, 38]], "log.certly.io": [[1435648059.902989, 41], [1435801679.73925, 635], [1435871365.382698, 46], [1435950720.102907, 48], [1436205469.404637, 60]], "ct1.digicert-ct.com/log": [[1435648059.902989, 755], [1435801679.73925, 597], [1435871365.382698, 1140], [1435950720.102907, 627], [1436205469.404637, 474]], "ct.googleapis.com/aviator": [[1435648059.902989, 10753], [1435801679.73925, 12767], [1435871365.382698, 9832], [1435950720.102907, 18103], [1436205469.404637, 34966]]}, "last_sizes": {"ct.googleapis.com/rocketeer": 5508265, "ct.googleapis.com/pilot": 8242769, "ct.izenpe.com": 7680, "log.certly.io": 15607, "ct1.digicert-ct.com/log": 106716, "ct.googleapis.com/aviator": 7501964}}